ngram,freq
the U.S.,19640789
chapter 2,4152105
chapter 3,4001572
chapter 4,3823633
chapter 1,3573991
chapter 5,3517067
the 1980s,3436098
the 1970s,3368585
the 1960s,3309048
and 2,3286916
chapter 6,3126669
the 1990s,3085534
and J.,3003946
Table 1,2999032
of 1,2969821
chapter 7,2849470
of U.S.,2814346
and 3,2674609
and M.,2608840
in 2010,2583585
in 2008,2506400
in 2009,2452511
the 1950s,2450948
chapter 8,2371053
of 10,2278025
and A.,2270449
to 1,2230575
of St.,2224211
a 1,2162577
U.S. Department,2127875
and 4,2123542
to 10,2118717
Figure 1,2115961
and R.,2100401
chapter 9,2080964
in 2007,2075933
in 2011,2052271
and 1,2046919
the 1930s,2036927
J. M.,2017722
of 2,2012482
and S.,1967264
in 2012,1920946
and 5,1898820
a 2,1879099
Table 2,1867118
English 1949,1854406
in 2006,1846823
in 2005,1827034
chapter 10,1821210
J. A.,1811213
St. Louis,1781702
of Mr.,1753298
to 5,1751062
and D.,1744638
Figure 2,1709679
of 5,1702294
and Mr.,1699921
CO 2,1693267
and C.,1688667
in 1,1679025
chapter 11,1676606
the 1920s,1672049
to 3,1668527
to 2,1638612
in 2004,1629246
h 2,1619124
x 1,1568776
of 3,1546149
in 2000,1546007
J. and,1542361
in 2013,1539429
to Mr.,1537921
i.e. the,1528277
M. and,1513676
and Mrs.,1512727
Dept. of,1510260
and P.,1502353
and 6,1500199
in 2003,1494723
x 2,1492591
than 1,1469871
and 10,1465180
in U.S.,1464749
U.S. and,1463906
No. I,1441563
to 20,1430512
of 20,1394173
Figure 3,1393930
in 2002,1391303
in 2001,1387809
chapter 12,1385338
A. and,1380900
to 4,1369841
the 21st,1336082
J. C.,1331963
M. A.,1311679
in J.,1310835
in 2014,1308999
a U.S.,1306520
January 1,1304465
than 10,1302742
J. R.,1297535
No. 1,1286298
and G.,1277895
the 20th,1273425
James 1611,1269695
J. L.,1259549
in 1999,1258484
a 10,1252353
a 3,1251925
to 30,1249090
chapter 13,1243293
type 2,1242677
to 6,1242071
for 1,1223376
and B.,1222083
R. A.,1209328
in 1998,1198467
M. J.,1196607
of 100,1192006
and E.,1183832
the 2,1183655
Copyright 2012,1180097
and H.,1177466
about 10,1177009
about 1,1171860
Copyright 2011,1171718
Table 3,1171377
of 4,1167537
in 1990,1163814
R. J.,1161681
in 1997,1153360
the 3,1145971
A. M.,1141160
U.S. government,1140410
the 19th,1137433
in M.,1137087
in 1995,1135754
Figure 4,1133885
in. I,1133825
S. and,1132641
in 2015,1126862
part 1,1123875
for 2,1118380
than 50,1116871
in 1996,1111475
for 10,1110935
the 1,1108627
and T.,1105754
in. The,1100668
in 1994,1097314
a 5,1094163
in 1992,1094041
December 31,1093889
J. P.,1089357
to 100,1079112
J. E.,1076308
of 30,1070420
and 8,1063682
to 50,1059403
U.S. Army,1059089
to 15,1058385
J. D.,1058103
from 1,1048860
R. and,1048658
J. H.,1048322
the 1st,1047680
and L.,1042360
A. J.,1041985
said Mr.,1037128
that Mr.,1035766
in 1991,1034746
for 5,1033057
early 1990s,1031560
part 2,1028022
References 1,1027631
July 1,1027563
chapter 14,1026683
the 5,1026443
and K.,1023911
and 7,1021624
J. S.,1017732
of 6,1017453
the 10,1013705
in R.,999303
type 1,995952
of 15,995399
in 1993,993106
J. W.,991349
R. M.,990286
of 12,987125
of 50,986584
to 12,981888
No. 2,979273
and U.S.,974808
section 2,974337
St. John,974304
on 1,973203
O 2,968652
J. J.,959457
in 2,958116
in 1989,955527
in St.,940822
in A.,933481
C. A.,930992
Figure 5,929005
step 2,928110
D. A.,928093
J. B.,926841
in 1980,922798
than 20,916796
c 1,914955
step 1,914871
D. and,909516
to 8,909337
chapter 15,907353
about 20,904689
section 3,903862
and 20,903047
E. coli,894966
for 3,890076
St. Paul,889892
than 100,888365
for 30,887949
to U.S.,887917
by Mr.,887803
C. The,883167
C. and,877623
in S.,875753
come in.,874408
D. J.,873622
and 12,869397
and W.,867469
n 2,866555
the 1940s,865938
t 1,861768
R. E.,860158
at 1,853719
about 2,853222
than 30,838956
of Dr.,838238
R. L.,837676
P. and,834583
the St.,834376
d 1,832305
with Mr.,831316
¼ 1,828945
M. E.,825927
in. He,825819
in 1970,825505
to 40,822249
is 1,819345
Copyright 2017,819138
in 2016,819115
than 5,819016
S. M.,817988
in D.,816935
a 4,813364
D. M.,812831
of 8,812291
the 2nd,811305
about 5,810311
to Mrs.,805647
of 25,804784
about 30,797079
in 1988,796381
George W.,795309
Inc. v.,795174
in 1979,792290
in 1986,791780
c 2,790454
and 9,779953
A. The,778732
in 1985,775870
P. J.,773178
step 3,772149
Copyright 2013,771809
in 1975,770278
September 11,767668
early 1980s,761969
the 2008,761104
than 2,760907
in 1968,759664
in 1987,756889
Table 4,753053
in 1972,752832
C. M.,752382
Notes 1,750684
and F.,750180
States v.,749200
s 1,749181
M. L.,746225
Figure 6,746171
in C.,743989
and 15,741342
and I.,738879
of Mrs.,737313
L. and,735168
in 1984,734734
J. F.,732918
n 1,732506
section 4,727063
early 1970s,726623
in 1973,721414
in 1960,720875
M. S.,720106
U.S. military,716448
and 30,713101
the 18th,713079
Chapter 16,712345
with 1,712219
the 12,711016
in 1982,709879
a 20,707389
in 1976,706879
of 18,706253
the 4,706103
in 1978,705909
to 25,703480
to 7,701505
D. L.,701019
R. W.,698925
in 1974,698605
G. and,697946
p 1,694877
Copyright 2016,694429
No. 3,694401
in 1965,693231
to 60,693197
S. A.,693043
x 0,691912
the 2010,690843
said Mrs.,689590
R. C.,689368
e.g. the,686708
A. C.,686009
in P.,685897
the 4th,685764
of 40,684822
J. G.,684184
in 1971,682799
in 1967,681114
in 1981,680132
in 1983,679808
at 10,679409
in 1969,679289
M. M.,678994
W. H.,678840
for 20,678372
and Dr.,677862
Copyright 2010,675493
t 0,675485
at St.,675365
or 2,673397
chapter 17,672013
E. and,671779
W. Bush,670483
about 3,670197
in 1948,668779
late 1980s,668106
and N.,667610
R. S.,663603
the 3rd,662059
of 9,661411
in 1964,661126
etc. The,660127
Co. v.,659653
m 2,659606
for 15,659276
M. C.,658374
t 2,658211
r 1,657361
to Dr.,657308
M. R.,656351
W. W.,656175
C. S.,655279
S. J.,648236
in 10,646912
R. D.,645811
H. and,644635
L. A.,643682
from 0,642618
C. J.,641557
U.S. Supreme,640954
in 1977,638597
at 5,637200
June 30,636982
a 50,635938
B. The,635629
P. A.,633867
section 1,633272
E. M.,631663
and 50,631454
late 1990s,630916
by Dr.,628877
A. S.,628267
r 2,625952
of 16,625418
B. and,624878
E. A.,623081
at 2,622396
R. H.,622229
about 50,619463
of 2008,618235
to St.,617160
late 1960s,617150
U.S. Government,617103
and 11,617073
of 7,615272
in 1945,615098
D. R.,614203
a 12,613776
the 5th,613556
A. R.,612930
s 2,610308
Figure 7,610194
v. United,609945
A. L.,608854
S. L.,608461
a 30,606951
a 6,606306
volume 1,606254
for U.S.,603591
in 1950,603404
by J.,601521
p 2,601165
at 4,600416
see e.g.,600290
in 1966,598960
A. A.,598606
in 1947,597585
late 1970s,597256
K. and,595041
St. Petersburg,593785
E. J.,593070
P. M.,592911
in 1962,592235
the 20,592118
came in.,591658
in 1963,590206
i 1,589740
M. de,588031
D. C.,585729
John F.,584429
in. She,583501
at 3,582646
ref 1,581851
in 1961,578640
the 17th,578504
C. R.,578185
about 15,577987
b 1,573535
M. D.,573008
G. A.,570018
L. M.,569655
D. W.,567743
C. L.,567611
to 0,566157
U. S.,565503
in E.,565286
or 3,563934
by 1,562188
in 1940,560013
in 1939,558723
D. H.,558035
in 3,557468
the 16th,557399
than 3,556594
Chapter 18,555616
step 4,553012
in 1949,552985
T. and,552923
and 100,551648
October 1,547124
section 5,546014
of 60,544949
in G.,544525
of 14,543533
at 6,543430
W. J.,542417
in 1956,542186
A. E.,541278
No. 4,540779
A. D.,540248
in. It,540162
D. E.,539454
to 90,538633
K. A.,538064
of 11,537584
in 1914,537142
the 6,536434
d 0,535313
Mr. and,534999
and 25,532543
R. B.,531060
S. E.,529154
and 14,529035
early 1960s,528972
in 2017,526913
with 2,526902
for 4,526095
of 2010,525127
M. H.,524029
R. G.,522560
C. E.,522481
or 1,521249
in 1958,521017
of S.,519737
in 1957,517781
x 3,517358
d 2,515471
f 1,514892
in 1946,514799
U.S. Census,514645
the 15th,514474
T. J.,512774
and 40,512175
J. T.,510020
J. Am,509979
in 1938,509663
in 1959,508528
of 0,508476
D. S.,507479
by U.S.,507043
the 9,506809
Copyright 2015,506375
of 2009,505483
the 10th,505436
People v.,504948
the 7th,504717
P.O. Box,503901
Table 5,503171
A. H.,502686
the 30,501740
¼ 0,500799
in 1954,499523
on 2,499302
Figure 8,498877
a 0,498262
H. J.,497886
F. Supp,497305
to 9,497262
A. B.,497236
C. H.,495971
on U.S.,495840
and 1970s,495733
v 1,495666
the 6th,495306
in 1933,495142
and 13,495140
S. R.,495043
St. Martin,494711
the 3D,492774
k 1,490891
m 1,490836
Chapter 19,490542
a 100,490418
than 40,490193
and 16,490127
b 2,488698
CH 2,488613
in 1955,488554
to 80,487575
for Mr.,486937
K. M.,485632
in 1953,485571
U.S. Navy,484531
of 24,484275
in 1936,483910
k 2,483698
the 12th,483417
and 18,483060
in 1952,482344
the 50,481796
the 2012,481768
W. E.,481091
than 90,481042
J. K.,480928
about 40,479737
article 2,479182
by 2,478544
the 2009,478144
than 60,476983
in 1937,476851
S. C.,476590
a 15,475012
R. R.,474775
chapter 20,474539
in B.,474449
the 13th,473808
in 5,473554
i 2,473552
in L.,473279
within 30,473240
E. B.,472886
of A.,472300
part 3,471134
the 2011,470548
of 13,470409
in 1920,470006
for 6,468493
on 15,468177
in 1919,467872
on 10,466903
G. W.,464696
G. M.,463935
in 1929,463177
in 1941,462823
in 1935,462150
about 4,461850
to 24,460392
on 3,460143
the 1880s,459975
the 14th,458847
Fig. 1,458683
v. State,455985
is 2,455955
over 100,455204
in 1917,453287
of M.,451601
May 1,451468
and Co.,451395
in 1930,451388
CHAPTER 2,450628
and St.,450546
M. B.,449780
in 1944,449513
to 18,449308
the 100,447964
article 3,447805
him in.,447801
A. G.,446667
in 1942,445370
CHAPTER 3,445118
to 14,444880
T. A.,444785
O 3,444353
H. W.,444096
CH 3,442622
f 2,442079
T. S.,441985
it in.,441931
the 8th,441442
CHAPTER 4,440866
in 1951,440854
y 1,440432
the 1890s,439811
CHAPTER 1,438400
by A.,438040
Inc. All,437918
on 9,437651
April 1,437616
M. G.,437451
x 10,437014
R. F.,436517
at 20,436043
M. P.,434237
as Mr.,434196
e 1,433788
B. J.,433742
H. M.,433584
September 30,432941
Paper No.,432771
L. J.,432549
over 50,431635
on 5,431588
by 10,431533
B. A.,431506
on 4,430755
by M.,430739
I. The,430631
D. The,430027
and 24,429778
the 11th,429652
CHAPTER 5,429507
A. P.,429319
that Mrs.,428638
on 20,428591
is 10,428423
with Dr.,428044
W. and,427951
or 4,427574
in 1934,427276
F. and,426436
C. C.,426368
H. A.,426002
June 1,425321
h 1,425293
on 12,425152
D. G.,424936
in 1932,424790
in H.,424558
on 6,424115
oil 1,423715
about 100,423577
level 1,422944
in 1918,422865
State v.,422346
an 8,421564
y 2,420901
C. D.,420511
v 2,420298
l 1,420171
and V.,419755
the Rev.,419107
G. E.,418581
P. R.,418524
Figure 2.1,418453
Figure 3.1,417962
in 1943,417940
chapter 21,417595
the 15,417125
the 9th,416455
on 30,416372
J. Phys,416012
of 200,415886
and 1980s,414020
and 0,414006
of 2011,413871
R. P.,413523
in T.,413202
A. W.,411958
questions 1,411831
of C.,411518
W. A.,411041
in 1912,410179
to 200,409517
Figure 4.1,409000
Figure 9,408901
and 60,408612
in 1928,408306
on 8,407891
from 10,407846
A. K.,407361
S. S.,407078
of 17,406395
top 10,406072
the 8,405827
Table 3.1,405267
on 11,405157
Table 4.1,404848
in 1910,403759
than 15,403520
in 1900,402404
in 1913,402358
the 2007,402324
J. Chem,402151
than 200,401573
CHAPTER 6,401338
and 17,401271
the 2004,401050
level 2,400187
the 2006,399768
E. L.,399620
N. and,398820
W. R.,398468
on 7,398059
M. W.,397596
T. M.,396382
in 1931,395874
to 70,395186
of 21,395105
and Y.,394857
D. B.,393663
a 24,393607
from 2,393577
with Mrs.,393051
Table 2.1,390890
Figure 5.1,390382
article 1,390335
at 100,389513
chopped 1,388983
W. B.,388553
"per 100,000",388319
as 1,388042
U.S. Congress,387856
on 25,387555
about 25,387543
C. W.,387302
September 1,387265
Geneva 1560,387180
in 1925,387126
at 25,386978
in 1922,386845
on 14,386647
G. R.,386109
Table 5.1,385914
to 16,385885
F. Kennedy,384779
L. Rev.,384727
in 1924,384605
S. D.,383794
in 1921,383709
at 30,383584
in 1927,383491
March 1,383333
in 1916,382617
and 1960s,382598
the 7,382288
G. J.,381925
from Mr.,381189
and 1990s,380332
with 10,379802
in K.,379443
P. L.,378925
of CO2,378715
and 2010,378404
on 17,378086
example 1,377400
in 4,377278
a 25,376773
the 1870s,376360
by R.,376138
CHAPTER 7,375615
R. K.,375091
on 16,374964
K. J.,374792
l 2,374608
on 22,373973
No. It,373527
in 1915,373140
in 1911,372603
the 2005,372020
salt 1,371996
on 23,371839
note 1,371030
in 20,370991
about 6,370959
U.S. dollars,370812
S. H.,370703
D. P.,370352
on 28,369839
W. Norton,369746
on 18,369636
in 1923,368951
on 21,368877
on 24,368753
i.e. a,368025
J. Appl,367930
H. G.,367308
for 12,367080
a 3D,366689
volume 2,366389
early 2000s,365889
in 1926,365872
step 5,365560
walked in.,365258
U.S. Constitution,365088
e 2,364970
than 25,363250
Figure 6.1,362350
between 1,362284
Figure 1.1,361663
William H.,361578
Robert E.,361001
St. Peter,360979
section 6,360860
S. P.,360777
P. C.,360407
L. S.,359349
M. F.,358974
John C.,358398
Act 1988,358095
H. C.,357473
S. K.,357359
for 24,357140
of 22,356751
M. K.,356131
Table 6.1,355499
of 2012,355280
n +1,355070
on 13,354836
H. L.,354699
in 1905,354127
a 7,353501
at 8,353064
late 1950s,352814
W. C.,352091
Bibelen 1930,351959
G. H.,351943
with 5,351654
in W.,351546
than 80,351352
March 31,351165
the 2000s,350570
between 0,350011
article 6,348550
Mr. President,348363
on 26,348209
E. H.,347664
C. G.,347429
C. B.,347325
of E.,346981
Copyright 201,346742
S. Ct,346630
per 100,346245
of 80,345849
S. B.,345825
is 5,345587
Fig. 2,345565
of 2007,345351
on 19,345206
Table 6,345128
article 5,344990
B. M.,344920
to 11,344611
or 5,344285
Cornilescu 1921,344075
year 2000,343669
on 27,343486
H. H.,343457
me in.,342792
Chapter 22,342648
K. S.,342440
the 1850s,342439
over 30,342177
CHAPTER 8,342051
level 3,342043
Dansk 1931,341906
Figure 10,341773
Report No.,341710
the 2000,340561
from U.S.,340524
U.S. dollar,339818
in 1908,339731
John A.,339650
Lutherbibel 1912,339650
K. L.,339608
about 60,339393
No. 5,339078
is 3,338932
No. of,338748
John W.,338144
by 5,336919
Sainte 1887,336814
a 40,335826
Segond 1910,335419
section 8,334699
of 19,334659
by 3,333972
only 1,333168
v. The,332870
Gdańska 1881,332776
"per 1,000",332722
of 500,332575
than 6,332542
with 3,331494
over 20,331272
the 1860s,330808
L. R.,330480
e.g. in,330334
M. T.,329868
P. S.,329738
with U.S.,329386
W. M.,329347
Rev. Lett,329049
and 2008,328739
early 1950s,328490
Figure 7.1,328379
March 2011,328094
E. P.,327585
to 350,327584
u 1,327219
article 8,327203
Statenvertaling 1637,327177
Web 2.0,326867
on 29,326112
English 2000,324926
Heart 2010,324876
Valera 1909,324849
article 4,324695
a 9,324000
and 19,323664
E. R.,323623
than 4,323583
St. George,323469
Literal 1898,323167
the 1830s,323024
in 1906,322960
Recebida 1848,322915
June 2010,322879
the 24,322523
i 0,322396
F. J.,322365
Elberfelder 1905,322274
at 50,322195
and 21,322061
at 12,322052
from 5,322006
g 1,321923
of P.,321923
Figure 3.2,321559
when Mr.,320925
phase 2,320766
Raamattu 1938,320408
U.S. Senate,320261
at 7,320224
the 2014,320056
G. L.,319767
H. S.,319182
Table 7.1,319081
the 2003,318618
in Mr.,318579
August 1,318486
John D.,318306
CHAPTER 9,318005
z 1,317769
Figure 2.2,317375
back in.,317317
Menge 1926,317134
Figure 4.2,317065
June 2009,316895
December 1,316826
A. F.,316292
December 2009,316211
of 90,315155
in 1909,315027
in 1907,314910
E. S.,314444
to 35,314387
stage 2,314329
T. L.,313904
stage 1,313830
St. Thomas,312775
March 2010,312498
Diodati 1603,312136
of 28,311885
least 10,311713
phase 1,311439
in N.,311001
P. H.,310868
q 1,310594
St. Mary,310473
தமி ைபபி,310056
L. L.,309885
least 1,309758
and 2009,309502
on 31,309404
is 0,309160
about 8,309040
E. C.,308965
sugar 1,308915
L. E.,308889
chapter 24,308393
T. H.,308322
by C.,308107
ைபபி 1868,308103
the 2002,307472
November 1,307461
C. P.,307265
and 22,307104
T. R.,307086
of 23,306954
W. F.,306923
W. G.,306903
Chapter 23,306624
only 10,305667
F. A.,304927
but Mr.,304549
năm 1934,304420
S. W.,304131
the 1840s,303983
that 1,303952
example 2,303789
approximately 1,303785
of 2000,303661
C. F.,303504
box 1,303443
Windows 7,303418
December 2010,303381
May 2010,303324
her in.,303026
K. E.,302781
Publishing Co.,302479
H. R.,302168
Copyright 2014,302064
from 3,301836
William J.,301743
in 2018,301695
in 30,301530
h 0,301118
year 1,301065
Figure 5.2,300807
of 70,300590
G. S.,300532
K. R.,300088
to 400,299670
is 100,299262
c 3,298996
paragraph 1,298712
Escrituras 1569,298693
G. P.,298431
L. C.,298320
to 45,298254
about 80,298200
Fig. 3,298000
J. N.,297705
Table 1.1,297573
or 10,297324
S. G.,296889
the 11,296523
and 90,296464
Docket No.,296291
at 0,296223
approximately 10,296005
the 2013,295836
of 26,295551
Vertaling 1648,295434
the 16,294585
W. S.,294226
them in.,293815
War I.,293623
Dansk 1871,293571
Figure 8.1,293567
Corp. v.,293391
May 15,293303
P. D.,292988
said I.,292862
B. L.,292385
CHAPTER 10,291952
T. E.,291692
July 2010,291364
and 80,291251
of 35,291141
May 31,290908
John M.,290842
the 2001,290823
June 2011,290488
p 0,290242
B. S.,289788
of 0.5,289463
B. C.,289233
in 6,289115
the 25,288805
本 1919,288798
St. Augustine,288741
W. D.,288737
in 1904,288642
Աստվածաշունչ 1910,288632
I. Title,288460
in 1901,287799
that Dr.,287797
Michael J.,287720
June 15,287408
by E.,287091
F. M.,287084
by W.,287026
John R.,286980
in 1903,286675
in 12,286658
at 15,286561
P. E.,286436
u 2,286332
of 300,286020
in 1890,285940
from St.,285681
April 30,285563
of 27,285473
No. He,285383
e.g. a,285213
pepper 1,285050
for 8,284842
U.S. National,284741
Table 8.1,284660
March 2009,284286
St. James,284043
by S.,283985
to 300,283950
by 2020,283818
early 1900s,283657
D. F.,283583
G. C.,283460
R. T.,282250
James A.,282100
E. E.,281990
April 15,281761
the 1992,281647
section 7,281601
February 1,281550
a 90,281517
No. 6,281310
of 45,281281
number 1,280854
in 1898,280674
c 0,280625
n 0,279507
least 2,279451
January 2010,279408
in. They,279376
<promedmail.org> archive,279271
within 10,278689
W. L.,278501
that U.S.,278358
Figure 11,278001
only 2,277826
over 40,277799
June 2012,277787
Figure 6.2,277753
by 50,277662
group 1,277645
in 50,277610
is 4,277500
April 2010,277245
a 16,277207
in 1902,277083
and 2007,277057
the 1996,276617
about 12,276476
J. Biol,276324
of 2006,276204
after 1,276166
May 2011,276066
by H.,275680
P. G.,275529
John H.,275483
TiO 2,275427
January 2011,274795
ProMED <promedmail.org>,274650
March 2012,274611
at 60,274585
Robert J.,274058
by 20,273776
within 1,273573
U.S. citizens,273559
December 2011,273285
in 15,273204
of 2013,273058
in 1870,272851
get in.,272801
article 9,272760
in 1896,272585
of 2005,272131
T. C.,272014
U.S. economy,271791
బ 1880,271633
than 70,271578
Darby 1890,271510
April 2009,271427
December 2008,271380
John J.,270318
July 2009,270066
etc. In,269908
about 200,269903
s 3,269667
m 3,269409
r 0,269264
in 1860,269237
M. The,268456
by G.,268417
over 10,268312
the 1997,268300
July 31,268094
a 60,267860
I. and,267617
the 2016,267279
from 20,267097
in 1895,266926
than 12,266893
July 2011,266838
the 1990,266332
is 20,265804
in. But,265381
of 2002,265239
U.S. at,265198
Перевода 1876,265036
within 2,264983
s 0,264830
appendix 1,264819
for 7,264637
of 1996,264589
January 2009,264289
and 23,264076
part 4,263992
article 7,263831
July 15,263810
Robert A.,263757
N. J.,263538
day 1,263491
in F.,263350
than 500,263233
E. W.,263217
No. You,262930
x 5,262859
D. D.,262786
about 70,262721
to 500,262643
to 2010,262364
Mr. Chairman,262260
of 1812,261650
CHAPTER 11,261547
B. R.,261425
of 1934,261423
Figure 3.3,261413
at Mr.,261362
early 20th,261293
in. We,260386
F. W.,260207
May 2009,260130
and 70,260054
the 25th,259816
Figure 1.2,259772
December 2012,259718
Table 4.2,259708
A. T.,259626
least 30,259559
late 1940s,259310
G. D.,259303
within 24,259238
A. N.,259220
and 28,259064
the 40,258775
Figure 4.3,258693
to 13,258611
of 150,258579
H. E.,258560
to 17,258401
Table 3.2,258360
June 6,258207
Figure 9.1,257983
kralická 1613,257920
the 14,257686
E. The,257510
z 2,257151
by 4,257022
of H.,256986
the 18,256968
g 2,256923
by Mrs.,256864
and 2011,256830
the 2015,256802
x 4,256774
and 2012,256642
May 10,256252
Figure 2.3,256056
March 15,255945
at 9,255769
P. W.,255751
v. City,255732
q 2,255671
Chapter 25,254424
in 1848,254414
and 2000,254268
May 2012,254106
U.S. Patent,253795
October 2009,253602
D. K.,253279
approximately 50,253195
the 1994,253191
Γραφή 1904,253101
T. W.,253036
by D.,253001
see H.R.,252729
J. The,252682
to 75,252334
Figure 7.2,252325
June 2013,251509
June 25,250801
September 2009,250049
N. A.,249733
Table 9.1,249386
w 1,249385
of R.,249287
than 300,249070
with 4,248761
of 1974,248711
May 20,248586
Case No.,248469
the 60,248428
NOTES 1,248174
June 27,248017
October 2010,247879
Mr. Speaker,247705
July 4,247700
May 5,247542
or 6,247482
July 2012,247437
T. D.,247290
Table 7,247094
the 13,247030
Table 5.2,246816
E. F.,246758
between 10,246754
approximately 20,246701
and 35,246012
U.S. population,245800
of T.,245725
at 37,245674
Figure 5.3,245274
chapters 2,245191
David A.,245019
in 1861,244785
April 2011,244631
June 10,244589
at 40,244411
July 2,243924
Mr. Smith,243904
of 1986,243843
only 5,243780
of 2014,243728
over 60,243728
from 6,243155
and 26,243067
of B.,243012
Table 2.2,242948
in 100,242934
of 1990,242483
K. D.,242410
G. B.,242268
May 12,242241
in 40,242171
Figure 12,241711
the 1998,241651
of 3D,241491
Introduction 1,241414
June 28,241388
in 1897,241310
January 31,241227
over 200,241203
Elsevier Inc.,240926
S. aureus,240737
in 1899,240713
f 0,240512
Shqiptare 1884,240251
with 100,240126
in 1893,239995
No. But,239909
stage 3,239819
k +1,239740
the 1980,239707
the 1999,239510
book 1,239443
July 20,239323
K. C.,238922
December 15,238770
January 2012,238465
June 29,238427
CHAPTER 12,238362
November 2009,238072
C. K.,238019
U.S. in,237997
September 2010,237980
George H.,237902
a.m. to,237703
case 1,237694
of 29,237655
early 1930s,237501
June 2008,237487
Biblio 1926,237376
E. G.,237146
after 9,237057
d 3,236997
ref 2,236960
to 2000,236784
for Mrs.,236737
June 12,236624
November 2010,236591
November 2011,236480
about 90,236474
no 2,236208
Fig. 4,236186
L. H.,236182
between 2,236161
REFERENCES 1,235972
July 2008,235881
September 2008,235744
and 45,235734
paragraph 2,235677
of J.,235611
was in.,235603
June 20,235522
September 2011,235283
L. D.,235121
Biblia 1936,235105
see pp.,235038
v 0,234842
U.S. policy,234679
and O.,234667
Bibeln 1917,234631
Alfred A.,234524
do I.,234167
March 3,234002
March 2013,233631
the U.K.,233592
May 2,233554
May 22,233478
D. T.,233467
June 4,233450
of G.,233365
a 45,233102
of 2004,232821
October 2008,232799
S. T.,232776
March 4,232663
James M.,232452
U.S. Bureau,232360
I. M.,231935
E. D.,231864
October 2011,231695
over 90,231694
from 4,231516
about 7,231401
P. B.,231311
of 2001,231121
U.S. forces,231081
September 15,230834
A. Knopf,230721
June 18,230659
in 1889,230645
April 2012,230153
of 1964,230136
was Mr.,230012
from http://,229986
in 1880,229894
May 4,229819
in. And,229759
by P.,229692
May 14,229586
for 25,229560
May 6,229124
May 18,229117
January 2013,228999
May 2013,228965
group 2,228959
in 1892,228948
Chapter 26,228893
in 1871,228829
serves 4,228817
chapters 3,228785
step 6,228650
June 5,228516
May 8,228484
January 15,228370
May 2008,227956
Table 6.2,227891
with 20,227480
and 1930s,227385
and 2006,227272
S. The,227054
U.S. Environmental,226905
i +1,226735
a.m. and,226699
June 22,226656
July 7,226371
Figure 6.3,226155
October 31,226140
y 0,225926
K. H.,225857
in 1885,225792
only 3,225697
see J.,225675
Franklin D.,225660
May 7,225462
and 27,225362
No. 10,224999
Figure 10.1,224945
No. A,224901
June 17,224794
August 15,224535
July 14,224313
for 40,224218
R. The,224009
June 26,223686
July 10,223427
May 13,223398
June 3,223328
May 3,223307
December 2013,223209
and 2005,223063
H. P.,222995
a 14,222992
and 200,222970
July 2013,222840
June 24,222782
since 2000,222602
water 1,222535
Biblia 1905,222427
May 24,222422
add 1,222312
Figure 8.2,222286
in 1888,222114
February 2010,222019
to 150,222007
vitamin B12,221864
May 25,221775
live in.,221668
April 2013,221550
B. F.,221382
as Mrs.,221045
is 6,220990
in 1865,220897
June 2,220896
in 1850,220833
is Mr.,220672
July 30,220535
July 12,220348
June 8,220290
October 15,220187
the 90,219981
May 21,219970
July 22,219962
Table 10.1,219750
L. B.,219531
June 23,219514
FY 2012,219455
P. K.,219357
June 21,219316
F. C.,219200
February 2011,219117
of 32,219064
in 1894,218914
No. Not,218865
least 3,218684
거룩한 1910,218674
June 2014,218582
in 1891,218532
Lutherbibel 1545,218465
B. D.,218433
in 1886,218408
h 3,218303
David M.,218302
year 2,218238
July 25,218176
May 17,218009
Figure 3.4,217636
Inc. www.gideononline.com,217585
www.gideononline.com All,217575
at 11,217501
May 16,217424
note 2,217203
July 21,217160
November 30,217131
of 31,216902
June 16,216792
U.S. is,216771
go in.,216761
in 1867,216412
every 2,216162
A. V.,216041
to 2008,215985
A. A,215983
U.S. Air,215881
December 2007,215863
U.S. foreign,215782
U.S. House,215680
November 2008,215663
approximately 30,215576
July 26,215349
April 20,215276
May 23,215267
in 1881,215238
May 28,215210
July 18,215046
after 2,214703
October 2012,214649
November 15,214622
W.W. Norton,214442
August 31,214410
No. No,214370
a Ph.D.,214213
Figure 4.4,214024
May 9,213711
in 1884,213668
in 1882,213616
of 75,213395
of 2003,213371
powder 1,213285
January 20,213229
G. F.,213150
which Mr.,213116
May 29,213112
H. B.,213078
is 50,213026
in 1876,212898
February 28,212798
in 1887,212670
July 3,212580
an 18,212542
J. Clin,212499
June 7,212368
am I.,212272
December 7,211897
of 1.5,211884
CHAPTER 13,211750
in 1869,211707
À 1,211634
May 30,211557
"than 1,000",211262
June 19,211095
as 2,211047
c 4,210996
Jr. and,210988
j 1,210960
in 8,210914
þ 1,210715
b 0,210638
April 4,210584
June 14,210431
chapters 4,210419
July 16,210306
for 50,210179
March 2014,210098
Chapter 27,210082
Figure 2.4,210055
the 2D,210026
of 2015,210021
the 1991,209888
Robert M.,209838
chapter 28,209750
in 1864,209738
P 500,209614
Copyright 2019,209543
March 2008,209526
May 11,209446
February 15,209411
in 3D,209318
May 19,209069
July 9,208885
May 27,208844
within 3,208739
Vulgata 405,208723
February 2009,208692
May 2014,208671
late 1930s,208579
B. E.,208491
St. Lawrence,208467
March 20,208415
U.S. Treasury,208289
March 10,208187
of 0.1,208180
the 1995,208075
February 2012,207921
the 1820s,207810
case 2,207758
April 2008,207580
by 6,207555
the 21,207546
w 2,207528
No. She,207466
September 2012,207392
if Mr.,207305
and 29,207028
e 0,206911
Richard A.,206702
R. N.,206519
as Dr.,206474
March 2,206005
William A.,205979
coming in.,205921
after 3,205877
St. Francis,205854
set in.,205852
April 12,205838
in 1868,205775
July 28,205772
June 13,205767
Washington D.C.,205727
V. and,205325
June 11,205290
July 17,205247
chapters 1,205228
June 2007,205216
late 19th,205214
least 20,205110
May 26,205090
Ph.D. in,205037
to 21,204919
Figure 7.3,204908
Figure 13,204559
in 1863,204301
Figure 5.4,204251
least 50,204229
no 1,204211
only 20,204177
over 80,204162
of 400,203856
Robert W.,203819
fig. 5,203789
from 30,203758
α 1,203579
in v.,203467
March 23,203089
June 9,203083
July 13,202975
accessed 1,202914
of 120,202759
April 6,202748
N. M.,202747
C. T.,202714
and 32,202610
January 2014,202442
Robert L.,202377
in 1883,202110
v. Board,202080
G. K.,201788
April 2,201580
into 1,201576
July 8,201485
in 1862,201451
phase 3,201360
March 12,201263
March 21,201127
in. You,200926
Table 7.2,200891
July 6,200646
to 19,200638
St. Joseph,200608
John B.,200501
to 2009,200493
W. T.,200461
July 27,200416
the 1976,200414
August 2010,200170
j 2,200150
F. H.,200095
over 1,200072
Circular No.,199974
Figure 1.3,199824
to M.,199679
K. The,199618
by 2015,199404
appendix 2,199338
March 11,199286
B. B.,199254
H. D.,199172
July 23,199164
July 29,199116
accessed 20,199112
in 1859,199052
or 20,198937
Luke 1,198739
L. G.,198714
are 1,198639
of 1965,198526
B. H.,198470
March 30,198469
July 5,198408
by T.,198342
chopped 2,198303
article 10,198200
between 5,198198
of 1968,198185
St. Clair,198170
in 1866,197937
April 19,197876
March 5,197860
July 11,197767
Figure 9.2,197725
of 65,197723
August 2009,197572
suppl 1,197533
by 30,197405
flour 1,197393
L. The,197318
February 2,197312
April 14,197134
accessed 15,197044
November 2012,196974
July 24,196966
July 2014,196898
book 2,196832
in. There,196803
the 24th,196579
Wujka 1599,196463
No. The,196454
the 1800s,196247
after 10,196180
Ca 2,196170
in 1872,195880
August 2011,195858
April 10,195760
January 2008,195586
and 31,195577
than 150,195432
April 2014,195391
m 0,195341
in. This,195106
u 0,195066
is 30,194989
in. A,194977
December 12,194972
accessed 10,194850
March 25,194794
April 25,194608
in. In,194608
S. F.,194556
to 2007,194462
by 2010,194290
David J.,194173
April 16,194047
John L.,194014
March 17,193993
of 1998,193968
March 14,193858
went in.,193717
Figure 11.1,193683
of 1000,193631
Main St.,193600
No. 7,193547
k 0,193543
and 75,193458
F. R.,193402
oil 2,193128
September 2013,193085
of L.,192903
September 9,192890
April 9,192885
t 3,192762
example 3,192724
on Mr.,192705
as 10,192618
a Mr.,192607
in 1879,192606
Robert C.,192598
Károli 1589,192484
December 10,192239
CHAPTER 14,192184
October 2013,192139
March 18,192124
of 1940,192018
the 1993,191894
January 2015,191726
H. pylori,191724
July 19,191690
about 300,191042
March 2015,190933
U.S. Food,190904
and 2013,190835
E. T.,190777
P. F.,190746
z 0,190650
the 17,190434
at 90,190415
Standard 1901,190318
September 2001,190236
Thomas J.,190196
April 22,190184
K. W.,190076
in 25,190007
King Jr.,189784
in 24,189510
March 8,189169
D. Roosevelt,189014
SiO 2,189003
John 6,188938
b 12,188920
Figure 6.4,188773
J. Med,188742
the 1988,188666
a 13,188616
B. G.,188525
c 6,188326
U.S. troops,188271
to 22,188192
U.S. to,188008
in 1878,187947
to 28,187889
at http://,187789
NY 10013,187753
U.S. history,187663
June 2015,187547
October 10,187538
of 36,187530
December 2014,187342
FY 2013,187326
April 18,187206
of 2.5,187135
in 1875,187046
Version 1917,186883
e. g,186643
V. A.,186551
September 20,186402
March 16,186294
Table 11.1,186291
September 12,186257
in 1873,186245
April 29,186169
from 15,186152
with 50,185739
December 8,185679
January 30,185649
March 7,185607
April 28,185603
Figure 3.5,185519
P. T.,185425
F. The,185279
April 23,185130
since 1945,185017
the 200,184957
August 2,184920
November 11,184859
late 1920s,184783
September 10,184713
January 10,184553
April 5,184499
volume 3,184457
to A.,184401
I. I,184387
comes in.,184320
August 8,184240
approximately 2,184211
interested in.,184154
J. Math,184125
"of 1,000",184110
March 6,184084
Table 8,184039
August 6,183981
the 1970,183971
about 45,183916
CO2 emissions,183848
December 20,183764
part I.,183659
April 7,183630
the 1960,183505
John E.,183492
April 3,183443
in 7,183310
every 3,183271
by 2050,183267
March 13,183250
April 17,183247
John P.,183232
U.S. Geological,183130
N. S.,183008
from 2000,182713
the U.S.A.,182677
March 19,182648
Riveduta 1924,182601
T. P.,182515
at Mrs.,182452
April 26,182355
August 10,182339
in 1851,182272
December 2006,182255
the 30th,182228
and 2004,182031
L. W.,182026
Figure 4.5,182020
least 5,182009
for 60,182007
March 28,182001
January 2,181975
the 0,181877
James H.,181851
January 25,181797
number 2,181772
Figure 8.3,181718
from Mrs.,181673
to 48,181633
April 24,181615
age 65,181614
FY 2014,181509
Matthew 26,181402
September 2014,181244
chapter 30,181209
March 9,181148
March 29,181107
to 180,181053
of 1973,181002
within 60,180947
April 11,180917
Brown v.,180788
May 2007,180701
September 17,180675
March 26,180622
the 26th,180621
Figure 2.5,180604
January 12,180604
the 95,180498
as U.S.,180450
in 1854,180315
Dr. John,180311
but Mrs.,180224
in 1874,180207
in 1857,180189
March 24,180184
April 27,180114
be 1,180103
J. V.,179861
July 2007,179713
when Mrs.,179650
February 2013,179583
H. The,179567
over 2,179418
Table 4.3,179390
